Workbook

Sheet Caixa Individual
B2: Caixa Individual 2025
B5: Nome | C5: Valor Arrecadado | D5: Faltante | G5: Valor arrecadado total: | H5: =SUM('Caixa Individual'!$C$6:$C$38) -> 6349.6344
B6: =IF(Dados!A3="","",Dados!A3) -> Amanda Santos | C6: =SUMIF(Dados!$A$3:$A$36,Dados!A3,Dados!$H$3:$H$36) + SUMIF('Pagamento Individual'!$A$3:$A$26,Dados!A3,'Pagamento Individual'!$I$3:$I$26) -> 150 | D6: =IF('Caixa Individual'!$C6<Dados!$J$3,Dados!$J$3-'Caixa Individual'!$C6,"OK") -> 422 | G6: Valor restante total: | H6: =-SUM('Caixa Individual'!$D$6:$D$38) -> -12526.366
B7: =IF(Dados!A4="","",Dados!A4) -> Ana Guimarães | C7: =SUMIF(Dados!$A$3:$A$36,Dados!A4,Dados!$H$3:$H$36) + SUMIF('Pagamento Individual'!$A$3:$A$26,Dados!A4,'Pagamento Individual'!$I$3:$I$26) -> 138.25 | D7: =IF('Caixa Individual'!$C7<Dados!$J$3,Dados!$J$3-'Caixa Individual'!$C7,"OK") -> 433.75 | G7: Atletas com pendência: | H7: =SUM(COUNTA('Caixa Individual'!$D$6:$D$38)-COUNTIF('Caixa Individual'!$D$6:$D$38,"OK")) -> 31
B8: =IF(Dados!A5="","",Dados!A5) -> Antonio Gonçalves | C8: =SUMIF(Dados!$A$3:$A$36,Dados!A5,Dados!$H$3:$H$36) + SUMIF('Pagamento Individual'!$A$3:$A$26,Dados!A5,'Pagamento Individual'!$I$3:$I$26) -> 300 | D8: =IF('Caixa Individual'!$C8<Dados!$J$3,Dados!$J$3-'Caixa Individual'!$C8,"OK") -> 272
B9: =IF(Dados!A6="","",Dados!A6) -> Bruna Kiyono | C9: =SUMIF(Dados!$A$3:$A$36,Dados!A6,Dados!$H$3:$H$36) + SUMIF('Pagamento Individual'!$A$3:$A$26,Dados!A6,'Pagamento Individual'!$I$3:$I$26) -> 200 | D9: =IF('Caixa Individual'!$C9<Dados!$J$3,Dados!$J$3-'Caixa Individual'!$C9,"OK") -> 372
B10: =IF(Dados!A7="","",Dados!A7) -> Calebe de Oliveira | C10: =SUMIF(Dados!$A$3:$A$36,Dados!A7,Dados!$H$3:$H$36) + SUMIF('Pagamento Individual'!$A$3:$A$26,Dados!A7,'Pagamento Individual'!$I$3:$I$26) -> 249.43 | D10: =IF('Caixa Individual'!$C10<Dados!$J$3,Dados!$J$3-'Caixa Individual'!$C10,"OK") -> 322.57
B11: =IF(Dados!A8="","",Dados!A8) -> Daniel Hara | C11: =SUMIF(Dados!$A$3:$A$36,Dados!A8,Dados!$H$3:$H$36) + SUMIF('Pagamento Individual'!$A$3:$A$26,Dados!A8,'Pagamento Individual'!$I$3:$I$26) -> 572 | D11: =IF('Caixa Individual'!$C11<Dados!$J$3,Dados!$J$3-'Caixa Individual'!$C11,"OK") -> OK
B12: =IF(Dados!A9="","",Dados!A9) -> Edilson Junior | C12: =SUMIF(Dados!$A$3:$A$36,Dados!A9,Dados!$H$3:$H$36) + SUMIF('Pagamento Individual'!$A$3:$A$26,Dados!A9,'Pagamento Individual'!$I$3:$I$26) -> 159.43 | D12: =IF('Caixa Individual'!$C12<Dados!$J$3,Dados!$J$3-'Caixa Individual'!$C12,"OK") -> 412.57
B13: =IF(Dados!A10="","",Dados!A10) -> Felipe Soares | C13: =SUMIF(Dados!$A$3:$A$36,Dados!A10,Dados!$H$3:$H$36) + SUMIF('Pagamento Individual'!$A$3:$A$26,Dados!A10,'Pagamento Individual'!$I$3:$I$26) -> 159.43 | D13: =IF('Caixa Individual'!$C13<Dados!$J$3,Dados!$J$3-'Caixa Individual'!$C13,"OK") -> 412.57
B14: =IF(Dados!A11="","",Dados!A11) -> Gabriel Trigolo | C14: =SUMIF(Dados!$A$3:$A$36,Dados!A11,Dados!$H$3:$H$36) + SUMIF('Pagamento Individual'!$A$3:$A$26,Dados!A11,'Pagamento Individual'!$I$3:$I$26) -> 198.43 | D14: =IF('Caixa Individual'!$C14<Dados!$J$3,Dados!$J$3-'Caixa Individual'!$C14,"OK") -> 373.57
B15: =IF(Dados!A12="","",Dados!A12) -> Gabriel de Oliveira | C15: =SUMIF(Dados!$A$3:$A$36,Dados!A12,Dados!$H$3:$H$36) + SUMIF('Pagamento Individual'!$A$3:$A$26,Dados!A12,'Pagamento Individual'!$I$3:$I$26) -> 200 | D15: =IF('Caixa Individual'!$C15<Dados!$J$3,Dados!$J$3-'Caixa Individual'!$C15,"OK") -> 372
B16: =IF(Dados!A13="","",Dados!A13) -> Gustavo Ribeiro | C16: =SUMIF(Dados!$A$3:$A$36,Dados!A13,Dados!$H$3:$H$36) + SUMIF('Pagamento Individual'!$A$3:$A$26,Dados!A13,'Pagamento Individual'!$I$3:$I$26) -> 150 | D16: =IF('Caixa Individual'!$C16<Dados!$J$3,Dados!$J$3-'Caixa Individual'!$C16,"OK") -> 422
B17: =IF(Dados!A14="","",Dados!A14) -> Heloá Da Silva | C17: =SUMIF(Dados!$A$3:$A$36,Dados!A14,Dados!$H$3:$H$36) + SUMIF('Pagamento Individual'!$A$3:$A$26,Dados!A14,'Pagamento Individual'!$I$3:$I$26) -> 159.43 | D17: =IF('Caixa Individual'!$C17<Dados!$J$3,Dados!$J$3-'Caixa Individual'!$C17,"OK") -> 412.57
B18: =IF(Dados!A15="","",Dados!A15) -> Heloisa de Oliveira | C18: =SUMIF(Dados!$A$3:$A$36,Dados!A15,Dados!$H$3:$H$36) + SUMIF('Pagamento Individual'!$A$3:$A$26,Dados!A15,'Pagamento Individual'!$I$3:$I$26) -> 159.43 | D18: =IF('Caixa Individual'!$C18<Dados!$J$3,Dados!$J$3-'Caixa Individual'!$C18,"OK") -> 412.57
B19: =IF(Dados!A16="","",Dados!A16) -> Igor Sena | C19: =SUMIF(Dados!$A$3:$A$36,Dados!A16,Dados!$H$3:$H$36) + SUMIF('Pagamento Individual'!$A$3:$A$26,Dados!A16,'Pagamento Individual'!$I$3:$I$26) -> 411.84444 | D19: =IF('Caixa Individual'!$C19<Dados!$J$3,Dados!$J$3-'Caixa Individual'!$C19,"OK") -> 160.15556
... B38: =IF(Dados!A35="","",Dados!A35) -> Yaron Büchler | C38: =SUMIF(Dados!$A$3:$A$36,Dados!A35,Dados!$H$3:$H$36) + SUMIF('Pagamento Individual'!$A$3:$A$26,Dados!A35,'Pagamento Individual'!$I$3:$I$26) -> 159.43 | D38: =IF('Caixa Individual'!$C38<Dados!$J$3,Dados!$J$3-'Caixa Individual'!$C38,"OK") -> 412.57

Sheet Dados
A2: Nome | B2: CPF | C2: Time | D2: Rifa 1 - 01/05/2025 | E2: Rifa 2 - 01/06/2025 | F2: Rifa 3 - 01/08/2025 | G2: Rifa CF - 01/10/2025 | H2: Total | J2: Meta
A3: Amanda Santos | B3: 446.928.320-70 | C3: Phoenix | D3: 100 | E3: 50 | H3: =SUM(Dados!$C3:$G3) -> 150 | J3: 572
A4: Ana Guimarães | B4: 640.535.130-06 | C4: Phoenix | D4: 100 | E4: 38.25 | H4: =SUM(Dados!$C4:$G4) -> 138.25
A5: Antonio Gonçalves | B5: 880.953.950-80 | C5: Phoenix | D5: 150 | E5: 100 | F5: 50 | H5: =SUM(Dados!$C5:$G5) -> 300
A6: Bruna Kiyono | B6: 635.334.670-07 | C6: Immortals | D6: 150 | E6: 50 | H6: =SUM(Dados!$C6:$G6) -> 200
A7: Calebe de Oliveira | B7: 649.424.580-30 | C7: Phoenix | D7: 50 | E7: =50+50+9.43 -> 109.43 | H7: =SUM(Dados!$C7:$G7) -> 159.43
A8: Daniel Hara | B8: 983.954.920-06 | C8: Phoenix | D8: 100 | E8: =50+9.43 -> 59.43 | H8: =SUM(Dados!$C8:$G8) -> 159.43
A9: Edilson Junior | B9: 543.590.700-47 | C9: Immortals | D9: 150 | E9: =9.43 -> 9.43 | H9: =SUM(Dados!$C9:$G9) -> 159.43
A10: Felipe Soares | B10: 152.503.150-38 | C10: Phoenix | D10: 100 | E10: =9.43+50 -> 59.43 | H10: =SUM(Dados!$C10:$G10) -> 159.43
A11: Gabriel Trigolo | B11: 790.068.370-40 | C11: Immortals | D11: 150 | E11: =9.43+39 -> 48.43 | H11: =SUM(Dados!$C11:$G11) -> 198.43
A12: Gabriel de Oliveira | B12: 341.251.760-78 | C12: Immortals | D12: 150 | E12: 50 | H12: =SUM(Dados!$C12:$G12) -> 200
A13: Gustavo Ribeiro | B13: 011.103.590-20 | C13: Phoenix | D13: 100 | E13: 50 | H13: =SUM(Dados!$C13:$G13) -> 150
A14: Heloá Da Silva | B14: 458.775.990-20 | C14: Phoenix | D14: 100 | E14: =9.43+50 -> 59.43 | H14: =SUM(Dados!$C14:$G14) -> 159.43
A15: Heloisa de Oliveira | B15: 171.537.830-08 | C15: Phoenix | D15: 100 | E15: =9.43+40+10 -> 59.43 | H15: =SUM(Dados!$C15:$G15) -> 159.43
A16: Igor Sena | B16: 113.551.300-77 | C16: Immortals | D16: 150 | E16: 114.9 | F16: 50 | G16: 96.944444 | H16: =SUM(Dados!$C16:$G16) -> 411.84444
A17: João Bento | B17: 738.034.990-20 | C17: Phoenix | D17: 100 | E17: 50 | H17: =SUM(Dados!$C17:$G17) -> 150
A18: João de Almeida | B18: 848.802.760-57 | C18: Phoenix | D18: 100 | E18: =9.43+38.25 -> 47.68 | H18: =SUM(Dados!$C18:$G18) -> 147.68
A19: João Pinho | B19: 707.683.290-94 | C19: Phoenix | D19: 100 | E19: =9.43+50 -> 59.43 | H19: =SUM(Dados!$C19:$G19) -> 159.43
A20: João Santos | B20: 501.040.960-71 | C20: Phoenix | D20: 100 | E20: =9.43+38.25 -> 47.68 | H20: =SUM(Dados!$C20:$G20) -> 147.68
A21: Júlia Real | B21: 905.346.880-39 | C21: Immortals | D21: final de 07 | E21: =9.43 -> 9.43 | F21: 28 | H21: =SUM(Dados!$C21:$G21) -> 37.43
A22: Kaue Nunes | B22: 711.031.530-48 | C22: Immortals | D22: 114.9 | H22: =SUM(Dados!$C22:$G22) -> 114.9
A23: Letícia Pereira | B23: 975.524.820-01 | C23: Immortals | D23: 150 | E23: 50 | H23: =SUM(Dados!$C23:$G23) -> 200
A24: Luan Macedo | B24: 454.648.920-01 | C24: Immortals | D24: 150 | E24: 50 | H24: =SUM(Dados!$C24:$G24) -> 200
A25: Luanda Vital | B25: 216.652.530-02 | C25: Immortals | D25: final de 07 | E25: =9.43 -> 9.43 | H25: =SUM(Dados!$C25:$G25) -> 9.43
A26: Lucas Bruck | B26: 978.074.480-08 | C26: Immortals | D26: 150 | E26: =9.43+50 -> 59.43 | H26: =SUM(Dados!$C26:$G26) -> 209.43
A27: Luiz Pinto | B27: 290.456.840-98 | C27: Immortals | H27: =SUM(Dados!$C27:$G27) -> 0
A28: Marcelo Ruiz | B28: 355.157.500-20 | C28: Immortals | D28: 150 | E28: 50 | H28: =SUM(Dados!$C28:$G28) -> 200
A29: Maria Santos | B29: 352.057.710-03 | C29: Phoenix | D29: 150 | E29: 100 | F29: 50 | H29: =SUM(Dados!$C29:$G29) -> 300
A30: Mateus Pazinatto | B30: 451.727.610-47 | C30: Phoenix | D30: 100 | E30: =9.43+50 -> 59.43 | H30: =SUM(Dados!$C30:$G30) -> 159.43
A31: Matheus Fenili | B31: 102.590.770-11 | C31: Phoenix | D31: 100 | E31: =9.43+50 -> 59.43 | H31: =SUM(Dados!$C31:$G31) -> 159.43
A32: Natalia Massari | B32: 036.678.680-65 | C32: Immortals | D32: 114.9 | E32: =9.43 -> 9.43 | H32: =SUM(Dados!$C32:$G32) -> 124.33
A33: Nestor Junior | B33: 504.682.600-30 | C33: Immortals | D33: =92 -> 92 | E33: =9.43+38.25 -> 47.68 | H33: =SUM(Dados!$C33:$G33) -> 139.68
A34: Rhafaela Oliveira | B34: 666.679.320-09 | C34: Phoenix | D34: =6+2+24+4+10+58 -> 104 | E34: =9.43 -> 9.43 | F34: 38.25 | H34: =SUM(Dados!$C34:$G34) -> 151.68
A35: Yaron Büchler | B35: 591.381.000-70 | C35: Phoenix | D35: 100 | E35: =9.43+50 -> 59.43 | H35: =SUM(Dados!$C35:$G35) -> 159.43
H36: =SUM(Dados!$C36:$G36) -> 0

Sheet Pagamento Individual
A2: Nome | B2: CPF | C2: Time | D2: Categoria De Pagamento | E2: Valor - 01/10/2025 | F2: Valor - 01/11/2025 | G2: Valor - 01/12/2025 | H2: Valor - 01/1/2026 | I2: Total Arrecadado | J2: Total faltante | O2: VALOR MOSTRADO NO RELATORIO
A3: Amanda Santos | B3: 446.928.320-70 | C3: Phoenix | D3: Pagara Total | I3: =SUM('Pagamento Individual'!$E3:$H3) -> 0 | J3: =VLOOKUP('Pagamento Individual'!$A3,'Caixa Individual'!$B$6:$D$38,3,FALSE()) -> 422 | O3: Nome | P3: Categoria De Pagamento | Q3: Valor Mês 10 | R3: Valor Mês 11 | S3: Valor Mês 12 | T3: Valor Mês 1/26 | U3: Total Arrecadado | V3: Total faltante
A4: Ana Guimarães | B4: 640.535.130-06 | C4: Phoenix | D4: Pagara Parcial | I4: =SUM('Pagamento Individual'!$E4:$H4) -> 0 | J4: =VLOOKUP('Pagamento Individual'!$A4,'Caixa Individual'!$B$6:$D$38,3,FALSE()) -> 433.75 | O4: Amanda dos Anjos Santos | P4: Pagara Total | Q4: 0 | U4: 0 | V4: =#N/A -> #N/A
A5: Antonio Gonçalves | B5: 880.953.950-80 | C5: Phoenix | D5: Pagara Total | I5: =SUM('Pagamento Individual'!$E5:$H5) -> 0 | J5: =VLOOKUP('Pagamento Individual'!$A5,'Caixa Individual'!$B$6:$D$38,3,FALSE()) -> 272 | O5: Antonio Totti Gonçalves | P5: Pagara Total | Q5: NA | U5: 0 | V5: =#N/A -> #N/A
A6: Calebe de Oliveira | B6: 649.424.580-30 | C6: Phoenix | D6: Pagara Parcial | E6: 90 | I6: =SUM('Pagamento Individual'!$E6:$H6) -> 90 | J6: =VLOOKUP('Pagamento Individual'!$A6,'Caixa Individual'!$B$6:$D$38,3,FALSE()) -> 322.57 | O6: Gabriel Marcondes Trigolo | P6: Pagara Total | U6: 0 | V6: =#N/A -> #N/A
A7: Daniel Hara | B7: 983.954.920-06 | C7: Phoenix | D7: Pagara Total | E7: 412.57 | I7: =SUM('Pagamento Individual'!$E7:$H7) -> 412.57 | J7: =VLOOKUP('Pagamento Individual'!$A7,'Caixa Individual'!$B$6:$D$38,3,FALSE()) -> OK | O7: Júlia Pivello Vila Real | P7: Pagara Total | Q7: 0 | U7: 0 | V7: =#N/A -> #N/A
A8: Felipe Soares | B8: 152.503.150-38 | C8: Phoenix | D8: Pagara Parcial | I8: =SUM('Pagamento Individual'!$E8:$H8) -> 0 | J8: =VLOOKUP('Pagamento Individual'!$A8,'Caixa Individual'!$B$6:$D$38,3,FALSE()) -> 412.57 | O8: Letícia Esteves Rosa Pereira | P8: Pagara Total | Q8: 200 | U8: 200 | V8: =#N/A -> #N/A
A9: Gabriel Trigolo | B9: 790.068.370-40 | C9: Immortals | D9: Pagara Total | I9: =SUM('Pagamento Individual'!$E9:$H9) -> 0 | J9: =VLOOKUP('Pagamento Individual'!$A9,'Caixa Individual'!$B$6:$D$38,3,FALSE()) -> 373.57 | O9: Luanda Shibata de Jesus Vital | P9: Pagara Total | Q9: 0 | U9: 0 | V9: =#N/A -> #N/A
A10: Heloisa de Oliveira | B10: 171.537.830-08 | C10: Phoenix | D10: Pagara Parcial | I10: =SUM('Pagamento Individual'!$E10:$H10) -> 0 | J10: =VLOOKUP('Pagamento Individual'!$A10,'Caixa Individual'!$B$6:$D$38,3,FALSE()) -> 412.57 | O10: Luiz Henrique Almeida Pinto | P10: Pagara Total | Q10: 100 | U10: 100 | V10: =#N/A -> #N/A
A11: Igor Sena | B11: 113.551.300-77 | C11: Immortals | D11: Pagara Parcial | I11: =SUM('Pagamento Individual'!$E11:$H11) -> 0 | J11: =VLOOKUP('Pagamento Individual'!$A11,'Caixa Individual'!$B$6:$D$38,3,FALSE()) -> 160.15556 | O11: Maria Gabriely dos Santos | P11: Pagara Total | Q11: NA | U11: 0 | V11: =#N/A -> #N/A
A12: João Bento | B12: 738.034.990-20 | C12: Phoenix | D12: Pagara Parcial | I12: =SUM('Pagamento Individual'!$E12:$H12) -> 0 | J12: =VLOOKUP('Pagamento Individual'!$A12,'Caixa Individual'!$B$6:$D$38,3,FALSE()) -> 422 | O12: Natalia Massari | P12: Pagara Total | Q12: 0 | U12: 0 | V12: 447.67
A13: João Pinho | B13: 707.683.290-94 | C13: Phoenix | D13: Pagara Parcial | I13: =SUM('Pagamento Individual'!$E13:$H13) -> 0 | J13: =VLOOKUP('Pagamento Individual'!$A13,'Caixa Individual'!$B$6:$D$38,3,FALSE()) -> 412.57 | O13: Ana Luiza de Moraes Guimarães | P13: Pagara Parcial | Q13: 0 | U13: 0 | V13: =#N/A -> #N/A
A14: João Santos | B14: 501.040.960-71 | C14: Phoenix | D14: Pagara Parcial | I14: =SUM('Pagamento Individual'!$E14:$H14) -> 0 | J14: =VLOOKUP('Pagamento Individual'!$A14,'Caixa Individual'!$B$6:$D$38,3,FALSE()) -> 424.32 | O14: Calebe Fernandes de Oliveira | P14: Pagara Parcial | Q14: 90 | U14: 90 | V14: =#N/A -> #N/A
A15: Júlia Real | B15: 905.346.880-39 | C15: Immortals | D15: Pagara Total | I15: =SUM('Pagamento Individual'!$E15:$H15) -> 0 | J15: =VLOOKUP('Pagamento Individual'!$A15,'Caixa Individual'!$B$6:$D$38,3,FALSE()) -> 534.57 | O15: Felipe Lira do Carmo Soares | P15: Pagara Parcial | Q15: 0 | U15: 0 | V15: =#N/A -> #N/A
A16: Kaue Nunes | B16: 711.031.530-48 | C16: Immortals | D16: Pagara Parcial | I16: =SUM('Pagamento Individual'!$E16:$H16) -> 0 | J16: =VLOOKUP('Pagamento Individual'!$A16,'Caixa Individual'!$B$6:$D$38,3,FALSE()) -> 457.1 | O16: Heloisa Prado de Oliveira | P16: Pagara Parcial | Q16: 100 | U16: 100 | V16: =#N/A -> #N/A
A17: Letícia Pereira | B17: 975.524.820-01 | C17: Immortals | D17: Pagara Total | I17: =SUM('Pagamento Individual'!$E17:$H17) -> 0 | J17: =VLOOKUP('Pagamento Individual'!$A17,'Caixa Individual'!$B$6:$D$38,3,FALSE()) -> 372 | O17: Igor Silva Sena | P17: Pagara Parcial | U17: 0 | V17: =#N/A -> #N/A
A18: Luan Macedo | B18: 454.648.920-01 | C18: Immortals | D18: Pagara Parcial | I18: =SUM('Pagamento Individual'!$E18:$H18) -> 0 | J18: =VLOOKUP('Pagamento Individual'!$A18,'Caixa Individual'!$B$6:$D$38,3,FALSE()) -> 372 | O18: João Pedro Bento | P18: Pagara Parcial | Q18: 0 | U18: 0 | V18: =#N/A -> #N/A
A19: Luanda Vital | B19: 216.652.530-02 | C19: Immortals | D19: Pagara Total | I19: =SUM('Pagamento Individual'!$E19:$H19) -> 0 | J19: =VLOOKUP('Pagamento Individual'!$A19,'Caixa Individual'!$B$6:$D$38,3,FALSE()) -> 562.57 | O19: João Vitor de Oliveira Pinho | P19: Pagara Parcial | Q19: NA | U19: 0 | V19: =#N/A -> #N/A
A20: Lucas Bruck | B20: 978.074.480-08 | C20: Immortals | D20: Pagara Parcial | I20: =SUM('Pagamento Individual'!$E20:$H20) -> 0 | J20: =VLOOKUP('Pagamento Individual'!$A20,'Caixa Individual'!$B$6:$D$38,3,FALSE()) -> 362.57 | O20: João Vitor Nogueira Santos | P20: Pagara Parcial | Q20: NA | U20: 0 | V20: =#N/A -> #N/A
A21: Luiz Pinto | B21: 290.456.840-98 | C21: Immortals | D21: Pagara Total | I21: =SUM('Pagamento Individual'!$E21:$H21) -> 0 | J21: =VLOOKUP('Pagamento Individual'!$A21,'Caixa Individual'!$B$6:$D$38,3,FALSE()) -> 572 | O21: kaue kato nunes | P21: Pagara Parcial | Q21: NA | U21: 0 | V21: =#N/A -> #N/A
A22: Marcelo Ruiz | B22: 355.157.500-20 | C22: Immortals | D22: Pagara Total | E22: 372 | I22: =SUM('Pagamento Individual'!$E22:$H22) -> 372 | J22: =VLOOKUP('Pagamento Individual'!$A22,'Caixa Individual'!$B$6:$D$38,3,FALSE()) -> OK | O22: Luan Tarumoto de Macedo | P22: Pagara Parcial | Q22: 0 | U22: 0 | V22: =#N/A -> #N/A
A23: Maria Santos | B23: 352.057.710-03 | C23: Phoenix | D23: Pagara Total | I23: =SUM('Pagamento Individual'!$E23:$H23) -> 0 | J23: =VLOOKUP('Pagamento Individual'!$A23,'Caixa Individual'!$B$6:$D$38,3,FALSE()) -> 272 | O23: Lucas Bruck | P23: Pagara Parcial | Q23: 0 | U23: 0 | V23: 362.57
A24: Mateus Pazinatto | B24: 451.727.610-47 | C24: Phoenix | D24: Pagara Parcial | I24: =SUM('Pagamento Individual'!$E24:$H24) -> 0 | J24: =VLOOKUP('Pagamento Individual'!$A24,'Caixa Individual'!$B$6:$D$38,3,FALSE()) -> 412.57 | O24: Mateus Pazinatto | P24: Pagara Parcial | Q24: 0 | U24: 0 | V24: =#N/A -> #N/A
A25: Natalia Massari | B25: 036.678.680-65 | C25: Immortals | D25: Pagara Total | I25: =SUM('Pagamento Individual'!$E25:$H25) -> 0 | J25: =VLOOKUP('Pagamento Individual'!$A25,'Caixa Individual'!$B$6:$D$38,3,FALSE()) -> 447.67 | O25: Nestor da Silva Santos Junior | P25: Pagara Parcial | U25: 0 | V25: =#N/A -> #N/A
A26: Nestor Junior | B26: 504.682.600-30 | C26: Immortals | D26: Pagara Parcial | I26: =SUM('Pagamento Individual'!$E26:$H26) -> 0 | J26: =VLOOKUP('Pagamento Individual'!$A26,'Caixa Individual'!$B$6:$D$38,3,FALSE()) -> 432.32
